{
    {
        "titre": "Clint Eastwood",
        "descriptif" : "I ain't happy, I'm feeling glad \nI got sunshine in a bag\nI'm useless but not for long\nThe future is coming on",
        "fichierAudio" : "gorillaz.mp3",
        "image" : "gorillaz.jpg"
    },
    {
        "titre": "Mr Fear",
        "descriptif" : "HELLO, MY NAME IS MR. FEAR\nI WISH I HAD A FASTER THERAPY\nI'VE COME TO MIND-CONTROL YOUR NEEDS\nTONIGHT I'M GONNA STAR ALL OF YOUR LEADS… ",
        "fichierAudio" : "Siams_Mrfear.mp3",
        "image" : "siame.jpg"
    },
    {
        "titre": "Bad Liar",
        "descriptif": "Oh, hush, my dear, it's been a difficult year\nAnd terrors don't prey on\nInnocent victims\nTrust me, darling, trust me darling…",
        "fichierAudio" : "ImagineDragons.mp3",
        "image" : "imagineDragon.jpg"
    },
    {
        "titre": "I see Fire",
        "descriptif": "Oh, misty eye of the mountain below\nKeep careful watch of my brothers' souls\nAnd should the sky be filled with fire and smoke\nKeep watching over Durin's sons…",
        "fichierAudio" : "Ed_Sheeran_I_See_Fire.mp3",
        "image" : "smaug.jpg"
     },
     {
        "titre": "No Lullaby",
        "descriptif": "Blinding lights\nThunder tremble pack\nMuddy hearts\nBeanie babies lies...",
        "fichierAudio" : "Siames_No_Lullaby.mp3",
        "image" : "no_lullaby.jpg"
     },
     {
        "titre": "No Lullaby",
        "descriptif": "Blinding lights\nThunder tremble pack\nMuddy hearts\nBeanie babies lies...",
        "fichierAudio" : "Siames_No_Lullaby.mp3",
        "image" : "no_lullaby.jpg"
     }
 
}
