{
	"MesMusiques": [
		{
        		"titre": "No Lullaby",
       			"descriptif": "Blinding lights\nThunder tremble pack\nMuddy hearts\nBeanie babies lies...",
        		"fichierAudio" : "Siames_No_Lullaby.mp3",
        		"image" : "no_lullaby.jpg"
     		},
     		{
        		"titre": "The Wolf",
        		"descriptif": "Each and every day\nHiding from the sunshine\nWandering in the shade\nNot too old, not too young...",
        		"fichierAudio" : "Siames_The_Wolf.mp3",
        		"image" : "the_wolf.jpg"
     		},
     		{
        		"titre": "Summer Night",
        		"descriptif": "Tell her when it rains\nI don't feel it\nTell her I'm to blame\nDidn't see it...",
        		"fichierAudio" : "Siames_Summer_Nights.mp3",
        		"image" : "summer_nights.png"
     		},
    		{
        		"titre": "Mr Fear",
        		"descriptif" : "HELLO, MY NAME IS MR. FEAR\nI WISH I HAD A FASTER THERAPY\nI'VE COME TO MIND-CONTROL YOUR NEEDS\nTONIGHT I'M GONNA STAR ALL OF YOUR LEADS… ",
        		"fichierAudio" : "Siams_Mrfear.mp3",
        		"image" : "siame.jpg"
    		}
	 ],
    	"nom": "playlist Siamés",
	"num": "2"
}